{
  "kl_mean": 0.0023916718491818756,
  "kl_std": 0.0008975553818898692,
  "kl_max": 0.003917604219168425,
  "kl_per_prompt": [
    0.0013136081397533417,
    0.0023132350761443377,
    0.002735602669417858,
    0.0020728162489831448,
    0.003595774993300438,
    0.0015781722031533718,
    0.0016065612435340881,
    0.003917604219168425
  ]
}