{
  "0": {
    "threshold_fractions": {
      "|g|<0.1": 0.7152846978635204,
      "|g|<0.5": 0.9985799984056123,
      "|g|<1.0": 0.9998779296875,
      "|g|<2.0": 0.9999767485119048,
      "|g|<5.0": 1.0
    },
    "strongly_on": 1.328656462585034e-05,
    "strongly_off": 8.304102891156463e-06,
    "mean": -0.03665215149521828,
    "std": 0.09906875342130661,
    "median": -0.0303955078125,
    "q25": -0.09130859375,
    "q75": 0.016357421875
  },
  "1": {
    "threshold_fractions": {
      "|g|<0.1": 0.6014968975871599,
      "|g|<0.5": 0.9966318558673469,
      "|g|<1.0": 0.9996927481930272,
      "|g|<2.0": 0.9998812513286565,
      "|g|<5.0": 0.9999867134353742
    },
    "strongly_on": 5.314625850340136e-05,
    "strongly_off": 6.477200255102041e-05,
    "mean": -0.04090644046664238,
    "std": 0.1405036449432373,
    "median": -0.0390625,
    "q25": -0.11376953125,
    "q75": 0.0341796875
  },
  "2": {
    "threshold_fractions": {
      "|g|<0.1": 0.4910290776466837,
      "|g|<0.5": 0.9900076729910714,
      "|g|<1.0": 0.999547426392432,
      "|g|<2.0": 0.9999327367665817,
      "|g|<5.0": 1.0
    },
    "strongly_on": 9.134513180272109e-06,
    "strongly_off": 5.3976668792517006e-05,
    "mean": -0.058078519999980927,
    "std": 0.1614733338356018,
    "median": -0.052978515625,
    "q25": -0.1533203125,
    "q75": 0.038818359375
  },
  "3": {
    "threshold_fractions": {
      "|g|<0.1": 0.3822868502869898,
      "|g|<0.5": 0.9667636585884354,
      "|g|<1.0": 0.9989055192389455,
      "|g|<2.0": 0.9999510057929422,
      "|g|<5.0": 1.0
    },
    "strongly_on": 9.964923469387754e-06,
    "strongly_off": 3.736846301020408e-05,
    "mean": -0.0967792198061943,
    "std": 0.2045246958732605,
    "median": -0.08837890625,
    "q25": -0.2177734375,
    "q75": 0.0299072265625
  },
  "4": {
    "threshold_fractions": {
      "|g|<0.1": 0.28562127976190477,
      "|g|<0.5": 0.9080353821215986,
      "|g|<1.0": 0.9964475047831632,
      "|g|<2.0": 0.9999809005633503,
      "|g|<5.0": 1.0
    },
    "strongly_on": 2.4912308673469386e-06,
    "strongly_off": 1.577779549319728e-05,
    "mean": -0.16112004220485687,
    "std": 0.2518473267555237,
    "median": -0.150390625,
    "q25": -0.3125,
    "q75": -0.0021209716796875
  },
  "5": {
    "threshold_fractions": {
      "|g|<0.1": 0.254128799957483,
      "|g|<0.5": 0.8744743502869898,
      "|g|<1.0": 0.9951146962691326,
      "|g|<2.0": 0.9999169589710885,
      "|g|<5.0": 1.0
    },
    "strongly_on": 3.321641156462585e-06,
    "strongly_off": 7.72281568877551e-05,
    "mean": -0.18531973659992218,
    "std": 0.272405207157135,
    "median": -0.1748046875,
    "q25": -0.353515625,
    "q75": -0.012939453125
  },
  "6": {
    "threshold_fractions": {
      "|g|<0.1": 0.2311903765412415,
      "|g|<0.5": 0.8243233816964286,
      "|g|<1.0": 0.9874973426870748,
      "|g|<2.0": 0.9997807716836735,
      "|g|<5.0": 1.0
    },
    "strongly_on": 9.964923469387754e-06,
    "strongly_off": 0.00020677216198979593,
    "mean": -0.2147994488477707,
    "std": 0.3097058832645416,
    "median": -0.197265625,
    "q25": -0.400390625,
    "q75": -0.018310546875
  },
  "7": {
    "threshold_fractions": {
      "|g|<0.1": 0.23982664354804423,
      "|g|<0.5": 0.8242121067176871,
      "|g|<1.0": 0.9871361142113095,
      "|g|<2.0": 0.9999053332270408,
      "|g|<5.0": 1.0
    },
    "strongly_on": 9.964923469387754e-06,
    "strongly_off": 8.387143920068027e-05,
    "mean": -0.20473028719425201,
    "std": 0.3147481679916382,
    "median": -0.1845703125,
    "q25": -0.39453125,
    "q75": -0.00441741943359375
  },
  "8": {
    "threshold_fractions": {
      "|g|<0.1": 0.23589548123937074,
      "|g|<0.5": 0.8116355428890306,
      "|g|<1.0": 0.9830355482036565,
      "|g|<2.0": 0.9999476841517857,
      "|g|<5.0": 1.0
    },
    "strongly_on": 1.328656462585034e-05,
    "strongly_off": 3.321641156462585e-05,
    "mean": -0.21557021141052246,
    "std": 0.32432153820991516,
    "median": -0.19140625,
    "q25": -0.408203125,
    "q75": -0.00640869140625
  },
  "9": {
    "threshold_fractions": {
      "|g|<0.1": 0.23436503507653061,
      "|g|<0.5": 0.8036503175488946,
      "|g|<1.0": 0.9801357554740646,
      "|g|<2.0": 0.9998305963010204,
      "|g|<5.0": 1.0
    },
    "strongly_on": 4.152051445578232e-06,
    "strongly_off": 0.00016026918579931972,
    "mean": -0.2195846438407898,
    "std": 0.33348241448402405,
    "median": -0.193359375,
    "q25": -0.416015625,
    "q75": -0.0064697265625
  },
  "10": {
    "threshold_fractions": {
      "|g|<0.1": 0.24784342447916666,
      "|g|<0.5": 0.8222805723852041,
      "|g|<1.0": 0.9837953736181972,
      "|g|<2.0": 0.9998281050701531,
      "|g|<5.0": 1.0
    },
    "strongly_on": 1.2456154336734694e-05,
    "strongly_off": 0.0001544563137755102,
    "mean": -0.20274066925048828,
    "std": 0.323565274477005,
    "median": -0.1767578125,
    "q25": -0.392578125,
    "q75": 0.00408935546875
  },
  "11": {
    "threshold_fractions": {
      "|g|<0.1": 0.24931989397321427,
      "|g|<0.5": 0.8291887555803571,
      "|g|<1.0": 0.9825256762861394,
      "|g|<2.0": 0.9997350991177721,
      "|g|<5.0": 1.0
    },
    "strongly_on": 1.0795333758503401e-05,
    "strongly_off": 0.0002424798044217687,
    "mean": -0.19646218419075012,
    "std": 0.3256855607032776,
    "median": -0.1708984375,
    "q25": -0.3828125,
    "q75": 0.009521484375
  },
  "12": {
    "threshold_fractions": {
      "|g|<0.1": 0.24761589205994897,
      "|g|<0.5": 0.8187845450680272,
      "|g|<1.0": 0.978523098692602,
      "|g|<2.0": 0.9997940582482994,
      "|g|<5.0": 1.0
    },
    "strongly_on": 2.0760257227891156e-05,
    "strongly_off": 0.00017438616071428572,
    "mean": -0.19697415828704834,
    "std": 0.3393231928348541,
    "median": -0.1689453125,
    "q25": -0.38671875,
    "q75": 0.0135498046875
  },
  "13": {
    "threshold_fractions": {
      "|g|<0.1": 0.2379997409119898,
      "|g|<0.5": 0.8069262861394558,
      "|g|<1.0": 0.9788834967580783,
      "|g|<2.0": 0.999468537414966,
      "|g|<5.0": 1.0
    },
    "strongly_on": 2.7403539540816326e-05,
    "strongly_off": 0.0004957549426020409,
    "mean": -0.21017973124980927,
    "std": 0.3429531157016754,
    "median": -0.1826171875,
    "q25": -0.40625,
    "q75": 0.005706787109375
  },
  "14": {
    "threshold_fractions": {
      "|g|<0.1": 0.21752763605442177,
      "|g|<0.5": 0.7684259739051871,
      "|g|<1.0": 0.9637210352891157,
      "|g|<2.0": 0.9982362085459183,
      "|g|<5.0": 0.9999975087691326
    },
    "strongly_on": 0.0001112749787414966,
    "strongly_off": 0.0016276041666666667,
    "mean": -0.24270430207252502,
    "std": 0.3849183917045593,
    "median": -0.2080078125,
    "q25": -0.44921875,
    "q75": -0.007293701171875
  },
  "15": {
    "threshold_fractions": {
      "|g|<0.1": 0.20228379437712585,
      "|g|<0.5": 0.7348176086840986,
      "|g|<1.0": 0.9588988427402211,
      "|g|<2.0": 0.9977769916560374,
      "|g|<5.0": 0.9999975087691326
    },
    "strongly_on": 8.387143920068027e-05,
    "strongly_off": 0.0021017684417517007,
    "mean": -0.26471519470214844,
    "std": 0.4022349715232849,
    "median": -0.23046875,
    "q25": -0.4921875,
    "q75": -0.01434326171875
  },
  "16": {
    "threshold_fractions": {
      "|g|<0.1": 0.2017822265625,
      "|g|<0.5": 0.7392968417835885,
      "|g|<1.0": 0.9615636293579932,
      "|g|<2.0": 0.9983632613201531,
      "|g|<5.0": 0.9999858830250851
    },
    "strongly_on": 0.00020012887967687075,
    "strongly_off": 0.0014141887223639456,
    "mean": -0.254427969455719,
    "std": 0.3976024091243744,
    "median": -0.2265625,
    "q25": -0.482421875,
    "q75": -0.01019287109375
  },
  "17": {
    "threshold_fractions": {
      "|g|<0.1": 0.19324477838010204,
      "|g|<0.5": 0.7278778698979592,
      "|g|<1.0": 0.9606842248618197,
      "|g|<2.0": 0.9980510270514455,
      "|g|<5.0": 0.9999950175382653
    },
    "strongly_on": 0.00017106451955782313,