{
  "0": {
    "kl_mean": 0.0016589164733886719,
    "kl_std": 0.003240566487956393,
    "kl_max": 0.007049560546875
  },
  "1": {
    "kl_mean": 0.0006256103515625,
    "kl_std": 0.003658380199144763,
    "kl_max": 0.005645751953125
  },
  "2": {
    "kl_mean": 0.0005129575729370117,
    "kl_std": 0.002484816192053059,
    "kl_max": 0.00421142578125
  },
  "3": {
    "kl_mean": 0.00047969818115234375,
    "kl_std": 0.002267100091553543,
    "kl_max": 0.0037689208984375
  },
  "4": {
    "kl_mean": -0.0003954172134399414,
    "kl_std": 0.001355261713872128,
    "kl_max": 0.0026397705078125
  },
  "5": {
    "kl_mean": 0.0005235671997070312,
    "kl_std": 0.0026585564738376335,
    "kl_max": 0.00457763671875
  },
  "6": {
    "kl_mean": 0.0010857582092285156,
    "kl_std": 0.002309079248997658,
    "kl_max": 0.003387451171875
  },
  "7": {
    "kl_mean": 0.00015163421630859375,
    "kl_std": 0.0041750178775883185,
    "kl_max": 0.007293701171875
  },
  "8": {
    "kl_mean": -0.0005543231964111328,
    "kl_std": 0.002233501367846569,
    "kl_max": 0.0022735595703125
  },
  "9": {
    "kl_mean": 0.0007288455963134766,
    "kl_std": 0.002211460819263947,
    "kl_max": 0.004638671875
  },
  "10": {
    "kl_mean": 0.0003113746643066406,
    "kl_std": 0.0026374265825988173,
    "kl_max": 0.003265380859375
  },
  "11": {
    "kl_mean": 0.00016498565673828125,
    "kl_std": 0.004669575796007135,
    "kl_max": 0.008056640625
  },
  "12": {
    "kl_mean": 0.00030231475830078125,
    "kl_std": 0.003231176798279653,
    "kl_max": 0.005401611328125
  },
  "13": {
    "kl_mean": -0.0001698136329650879,
    "kl_std": 0.0027805521627422185,
    "kl_max": 0.00537109375
  },
  "14": {
    "kl_mean": -0.000596657395362854,
    "kl_std": 0.0022916249544870644,
    "kl_max": 0.0027008056640625
  },
  "15": {
    "kl_mean": 0.0005505084991455078,
    "kl_std": 0.002759969874760151,
    "kl_max": 0.00543212890625
  },
  "16": {
    "kl_mean": 0.00023174285888671875,
    "kl_std": 0.0036036149806560227,
    "kl_max": 0.006988525390625
  },
  "17": {
    "kl_mean": 0.000643610954284668,
    "kl_std": 0.0031361585128663974,
    "kl_max": 0.006439208984375
  },
  "18": {
    "kl_mean": 0.0009191036224365234,
    "kl_std": 0.002417090224145863,
    "kl_max": 0.005096435546875
  },
  "19": {
    "kl_mean": 9.72747802734375e-05,
    "kl_std": 0.002398212371184997,
    "kl_max": 0.0036773681640625
  },
  "20": {
    "kl_mean": -6.628036499023438e-05,
    "kl_std": 0.0034137837179818455,
    "kl_max": 0.004791259765625
  },
  "21": {
    "kl_mean": 0.00010216236114501953,
    "kl_std": 0.0032848644719629533,
    "kl_max": 0.006866455078125
  },
  "22": {
    "kl_mean": -0.00024271011352539062,
    "kl_std": 0.0025026826753115857,
    "kl_max": 0.00341796875
  },
  "23": {
    "kl_mean": 0.0008397698402404785,
    "kl_std": 0.0024016761986633633,
    "kl_max": 0.00390625
  },
  "24": {
    "kl_mean": 0.0007205009460449219,
    "kl_std": 0.003406379114301183,
    "kl_max": 0.00762939453125
  },
  "25": {
    "kl_mean": 0.00024700164794921875,
    "kl_std": 0.0022834394749985,
    "kl_max": 0.0027008056640625
  },
  "26": {
    "kl_mean": -0.0016651153564453125,
    "kl_std": 0.0021021223208363593,
    "kl_max": 0.003570556640625
  },
  "27": {
    "kl_mean": -0.0010083019733428955,
    "kl_std": 0.0020749532621556223,
    "kl_max": 0.0020294189453125
  },
  "28": {
    "kl_mean": 0.0006561279296875,
    "kl_std": 0.0033233873771094514,
    "kl_max": 0.004364013671875
  },
  "29": {
    "kl_mean": -0.000713735818862915,
    "kl_std": 0.0018481362908411235,
    "kl_max": 0.00274658203125
  },
  "30": {
    "kl_mean": -0.0016345977783203125,
    "kl_std": 0.003670146685509854,
    "kl_max": 0.00482177734375
  },
  "31": {
    "kl_mean": -0.001506805419921875,
    "kl_std": 0.0026688362329967993,
    "kl_max": 0.0020294189453125
  }
}