{
  "0": {
    "cosine_antisymmetry": 0.9149141609668732,
    "residual_ratio": 0.4181188530302554,
    "pos_norm": 0.08446344546973705,
    "neg_norm": 0.09177076816558838
  },
  "1": {
    "cosine_antisymmetry": 0.9785146042704582,
    "residual_ratio": 0.2411529154140024,
    "pos_norm": 0.8894287571310997,
    "neg_norm": 0.912905640900135
  },
  "2": {
    "cosine_antisymmetry": 0.8818793371319771,
    "residual_ratio": 0.4009454241454614,
    "pos_norm": 0.07134957425296307,
    "neg_norm": 0.07192813698202372
  },
  "3": {
    "cosine_antisymmetry": 0.9074665084481239,
    "residual_ratio": 0.3575901014100227,
    "pos_norm": 0.10218196641653776,
    "neg_norm": 0.10335929226130247
  },
  "4": {
    "cosine_antisymmetry": 0.8985675722360611,
    "residual_ratio": 0.38585929001926983,
    "pos_norm": 0.10822956543415785,
    "neg_norm": 0.10960755404084921
  },
  "5": {
    "cosine_antisymmetry": 0.9219677895307541,
    "residual_ratio": 0.34516908658939355,
    "pos_norm": 0.13944926485419273,
    "neg_norm": 0.14101688005030155
  },
  "6": {
    "cosine_antisymmetry": 0.8906085565686226,
    "residual_ratio": 0.4122841086710971,
    "pos_norm": 0.13497616909444332,
    "neg_norm": 0.13270577508956194
  },
  "7": {
    "cosine_antisymmetry": 0.9159171506762505,
    "residual_ratio": 0.3528521977813306,
    "pos_norm": 0.16636000201106071,
    "neg_norm": 0.16599559225142002
  },
  "8": {
    "cosine_antisymmetry": 0.9051503390073776,
    "residual_ratio": 0.3849848961127045,
    "pos_norm": 0.15853825956583023,
    "neg_norm": 0.1569457482546568
  },
  "9": {
    "cosine_antisymmetry": 0.9421087056398392,
    "residual_ratio": 0.3062896033130564,
    "pos_norm": 0.2103440035134554,
    "neg_norm": 0.20823166146874428
  },
  "10": {
    "cosine_antisymmetry": 0.9183743894100189,
    "residual_ratio": 0.3808498275268316,
    "pos_norm": 0.16638123244047165,
    "neg_norm": 0.16591177880764008
  },
  "11": {
    "cosine_antisymmetry": 0.9492945745587349,
    "residual_ratio": 0.29711136323886683,
    "pos_norm": 0.21963429637253284,
    "neg_norm": 0.22142470069229603
  },
  "12": {
    "cosine_antisymmetry": 0.9078386351466179,
    "residual_ratio": 0.40382367973270417,
    "pos_norm": 0.17919693514704704,
    "neg_norm": 0.18036937713623047
  },
  "13": {
    "cosine_antisymmetry": 0.9163173213601112,
    "residual_ratio": 0.38099206458051765,
    "pos_norm": 0.19056380912661552,
    "neg_norm": 0.1912012156099081
  },
  "14": {
    "cosine_antisymmetry": 0.9029260128736496,
    "residual_ratio": 0.40675490059475694,
    "pos_norm": 0.18717399425804615,
    "neg_norm": 0.1870324220508337
  },
  "15": {
    "cosine_antisymmetry": 0.9066431075334549,
    "residual_ratio": 0.3819981278956333,
    "pos_norm": 0.2293778732419014,
    "neg_norm": 0.22716059535741806
  },
  "16": {
    "cosine_antisymmetry": 0.897689200937748,
    "residual_ratio": 0.3801911240590201,
    "pos_norm": 0.24725693836808205,
    "neg_norm": 0.24871465750038624
  },
  "17": {
    "cosine_antisymmetry": 0.909146249294281,
    "residual_ratio": 0.38031071394308746,
    "pos_norm": 0.26004956662654877,
    "neg_norm": 0.2554519325494766
  },
  "18": {
    "cosine_antisymmetry": 0.8995423391461372,
    "residual_ratio": 0.41065101735385817,
    "pos_norm": 0.24190203100442886,
    "neg_norm": 0.24014917574822903
  },
  "19": {
    "cosine_antisymmetry": 0.8585419356822968,
    "residual_ratio": 0.48650987470714324,
    "pos_norm": 0.264209920540452,
    "neg_norm": 0.2722967080771923
  },
  "20": {
    "cosine_antisymmetry": 0.8879106119275093,
    "residual_ratio": 0.4283803233282872,
    "pos_norm": 0.273159459233284,
    "neg_norm": 0.2721225004643202
  },
  "21": {
    "cosine_antisymmetry": 0.9009751379489899,
    "residual_ratio": 0.408581989404947,
    "pos_norm": 0.3038528077304363,
    "neg_norm": 0.3041275143623352
  },
  "22": {
    "cosine_antisymmetry": 0.842011459171772,
    "residual_ratio": 0.5316520719593412,
    "pos_norm": 0.24869762547314167,
    "neg_norm": 0.24832381308078766
  },
  "23": {
    "cosine_antisymmetry": 0.8636281043291092,
    "residual_ratio": 0.4767182574998441,
    "pos_norm": 0.2945373672991991,
    "neg_norm": 0.29000987857580185
  },
  "24": {
    "cosine_antisymmetry": 0.8776021525263786,
    "residual_ratio": 0.46220929428090557,
    "pos_norm": 0.3144722022116184,
    "neg_norm": 0.3105015233159065
  },
  "25": {
    "cosine_antisymmetry": 0.9051324352622032,
    "residual_ratio": 0.39538894860770557,
    "pos_norm": 0.41253622621297836,
    "neg_norm": 0.4026973098516464
  },
  "26": {
    "cosine_antisymmetry": 0.8628696426749229,
    "residual_ratio": 0.47543772249703026,
    "pos_norm": 0.3824351616203785,
    "neg_norm": 0.3755679279565811
  },
  "27": {
    "cosine_antisymmetry": 0.8753872886300087,
    "residual_ratio": 0.4624919554049297,
    "pos_norm": 0.4320988170802593,
    "neg_norm": 0.4242057390511036
  },
  "28": {
    "cosine_antisymmetry": 0.8766681253910065,
    "residual_ratio": 0.463169169093474,
    "pos_norm": 0.48274537548422813,
    "neg_norm": 0.4818797782063484
  },
  "29": {
    "cosine_antisymmetry": 0.9493922740221024,
    "residual_ratio": 0.2939354895991928,
    "pos_norm": 0.8926644027233124,
    "neg_norm": 0.900543138384819
  },
  "30": {
    "cosine_antisymmetry": 0.9733540937304497,
    "residual_ratio": 0.2097994201896049,
    "pos_norm": 1.7094279080629349,
    "neg_norm": 1.7163611203432083
  },
  "31": {
    "cosine_antisymmetry": 0.9659352973103523,
    "residual_ratio": 0.1855392688713731,
    "pos_norm": 3.3321751058101654,
    "neg_norm": 3.4319543838500977
  }
}