{
  "mlp.down_proj": {
    "mean": 91.29250359535217,
    "shape": [
      4096,
      14336
    ]
  },
  "mlp.gate_proj": {
    "mean": 113.06452655792236,
    "shape": [
      14336,
      4096
    ]
  },
  "mlp.up_proj": {
    "mean": 92.40068125724792,
    "shape": [
      14336,
      4096
    ]
  },
  "self_attn.k_proj": {
    "mean": 53.826730132102966,
    "shape": [
      1024,
      4096
    ]
  },
  "self_attn.o_proj": {
    "mean": 45.430864453315735,
    "shape": [
      4096,
      4096
    ]
  },
  "self_attn.q_proj": {
    "mean": 73.36148881912231,
    "shape": [
      4096,
      4096
    ]
  },
  "self_attn.v_proj": {
    "mean": 22.410750329494476,
    "shape": [
      1024,
      4096
    ]
  }
}