{
  "mlp.down_proj": {
    "mean": 39.2260866726146,
    "shape": [
      2560,
      10240
    ]
  },
  "self_attn.k_proj": {
    "mean": 45.45577520482681,
    "shape": [
      1024,
      2560
    ]
  },
  "self_attn.o_proj": {
    "mean": 32.9167911305147,
    "shape": [
      2560,
      2048
    ]
  },
  "self_attn.q_proj": {
    "mean": 33.55262470245361,
    "shape": [
      2048,
      2560
    ]
  },
  "self_attn.v_proj": {
    "mean": 45.48893277785357,
    "shape": [
      1024,
      2560
    ]
  }
}