{
  "mlp.down_proj": {
    "mean": 131.58070618765694,
    "shape": [
      3584,
      18944
    ]
  },
  "mlp.gate_proj": {
    "mean": 137.9137796674456,
    "shape": [
      18944,
      3584
    ]
  },
  "mlp.up_proj": {
    "mean": 133.3064967564174,
    "shape": [
      18944,
      3584
    ]
  },
  "self_attn.k_proj": {
    "mean": 24.857511724744523,
    "shape": [
      512,
      3584
    ]
  },
  "self_attn.o_proj": {
    "mean": 58.27211134774344,
    "shape": [
      3584,
      3584
    ]
  },
  "self_attn.q_proj": {
    "mean": 60.76698507581438,
    "shape": [
      3584,
      3584
    ]
  },
  "self_attn.v_proj": {
    "mean": 23.738374641963414,
    "shape": [
      512,
      3584
    ]
  }
}