{
  "0": {
    "kl_pos_from_base": 0.0001075824429790373,
    "kl_neg_from_base": 6.353068584985522e-05,
    "kl_ratio_neg_over_pos": 0.5905302397923268,
    "cosine_antisymmetry": 0.40062932297587395
  },
  "1": {
    "kl_pos_from_base": 0.00272571574896574,
    "kl_neg_from_base": 0.002389010798651725,
    "kl_ratio_neg_over_pos": 0.8764709964926547,
    "cosine_antisymmetry": 0.9692075923085213
  },
  "2": {
    "kl_pos_from_base": 0.0009092736145248637,
    "kl_neg_from_base": 0.0009049414475157391,
    "kl_ratio_neg_over_pos": 0.99523557382517,
    "cosine_antisymmetry": 0.9492194727063179
  },
  "3": {
    "kl_pos_from_base": 0.0008575887186452746,
    "kl_neg_from_base": 0.0008517749229213223,
    "kl_ratio_neg_over_pos": 0.9932207646887702,
    "cosine_antisymmetry": 0.8910879120230675
  },
  "4": {
    "kl_pos_from_base": 0.0015688370331190526,
    "kl_neg_from_base": 0.0017652810784056783,
    "kl_ratio_neg_over_pos": 1.1252163488874745,
    "cosine_antisymmetry": 0.8884305208921432
  },
  "5": {
    "kl_pos_from_base": 0.0016549296560697258,
    "kl_neg_from_base": 0.001528294218587689,
    "kl_ratio_neg_over_pos": 0.9234798669432381,
    "cosine_antisymmetry": 0.8884224519133568
  },
  "6": {
    "kl_pos_from_base": 0.0019117553310934454,
    "kl_neg_from_base": 0.002087852422846481,
    "kl_ratio_neg_over_pos": 1.092112776613687,
    "cosine_antisymmetry": 0.9104179367423058
  },
  "7": {
    "kl_pos_from_base": 0.0016854471614351496,
    "kl_neg_from_base": 0.0019226783915655687,
    "kl_ratio_neg_over_pos": 1.1407526949278066,
    "cosine_antisymmetry": 0.8867619410157204
  },
  "8": {
    "kl_pos_from_base": 0.0018324800475966185,
    "kl_neg_from_base": 0.0015554459459963255,
    "kl_ratio_neg_over_pos": 0.8488201266018498,
    "cosine_antisymmetry": 0.8692745938897133
  },
  "9": {
    "kl_pos_from_base": 0.0018555782662588172,
    "kl_neg_from_base": 0.002012512239161879,
    "kl_ratio_neg_over_pos": 1.0845741598490852,
    "cosine_antisymmetry": 0.8903300017118454
  },
  "10": {
    "kl_pos_from_base": 0.0017158899281639606,
    "kl_neg_from_base": 0.001708991068881005,
    "kl_ratio_neg_over_pos": 0.9959794278352473,
    "cosine_antisymmetry": 0.8000008687376976
  },
  "11": {
    "kl_pos_from_base": 0.002287960480316542,
    "kl_neg_from_base": 0.0024713225357118063,
    "kl_ratio_neg_over_pos": 1.0801421427392381,
    "cosine_antisymmetry": 0.8558644503355026
  },
  "12": {
    "kl_pos_from_base": 0.0025743563019204885,
    "kl_neg_from_base": 0.002321396939805709,
    "kl_ratio_neg_over_pos": 0.9017387911976015,
    "cosine_antisymmetry": 0.867689736187458
  },
  "13": {
    "kl_pos_from_base": 0.001478681297157891,
    "kl_neg_from_base": 0.0014313625288195908,
    "kl_ratio_neg_over_pos": 0.9679993461544082,
    "cosine_antisymmetry": 0.8095592334866524
  },
  "14": {
    "kl_pos_from_base": 0.0016554418107261881,
    "kl_neg_from_base": 0.0015990561369108036,
    "kl_ratio_neg_over_pos": 0.9659391991611895,
    "cosine_antisymmetry": 0.8359951823949814
  },
  "15": {
    "kl_pos_from_base": 0.0015468695492018014,
    "kl_neg_from_base": 0.001598545757587999,
    "kl_ratio_neg_over_pos": 1.0334069595027344,
    "cosine_antisymmetry": 0.8159066438674927
  },
  "16": {
    "kl_pos_from_base": 0.0015992882254067808,
    "kl_neg_from_base": 0.0017892350733745843,
    "kl_ratio_neg_over_pos": 1.1187696157267026,
    "cosine_antisymmetry": 0.8397275730967522
  },
  "17": {
    "kl_pos_from_base": 0.001525248953839764,
    "kl_neg_from_base": 0.0015470186044694856,
    "kl_ratio_neg_over_pos": 1.014272850720479,
    "cosine_antisymmetry": 0.8327688053250313
  },
  "18": {
    "kl_pos_from_base": 0.0009672743763076141,
    "kl_neg_from_base": 0.0010063535373774357,
    "kl_ratio_neg_over_pos": 1.0404013194467105,
    "cosine_antisymmetry": 0.835294745862484
  },
  "19": {
    "kl_pos_from_base": 0.0010610865938360803,
    "kl_neg_from_base": 0.001080245834600646,
    "kl_ratio_neg_over_pos": 1.0180562461875053,
    "cosine_antisymmetry": 0.8234832808375359
  },
  "20": {
    "kl_pos_from_base": 0.0012118058366468176,
    "kl_neg_from_base": 0.0012775206196238287,
    "kl_ratio_neg_over_pos": 1.0542288054651148,
    "cosine_antisymmetry": 0.7818224430084229
  },
  "21": {
    "kl_pos_from_base": 0.0013702745200134814,
    "kl_neg_from_base": 0.0013322409286047332,
    "kl_ratio_neg_over_pos": 0.9722438162183925,
    "cosine_antisymmetry": 0.8564300388097763
  },
  "22": {
    "kl_pos_from_base": 0.0013339438592083752,
    "kl_neg_from_base": 0.001438551837054547,
    "kl_ratio_neg_over_pos": 1.0784200752708222,
    "cosine_antisymmetry": 0.8065016642212868
  },
  "23": {
    "kl_pos_from_base": 0.0013185077114030719,
    "kl_neg_from_base": 0.001424657617462799,
    "kl_ratio_neg_over_pos": 1.080507611098284,
    "cosine_antisymmetry": 0.8360348716378212
  },
  "24": {
    "kl_pos_from_base": 0.0011185089606442489,
    "kl_neg_from_base": 0.0014026752542122267,
    "kl_ratio_neg_over_pos": 1.2540581287827155,
    "cosine_antisymmetry": 0.7709185779094696
  },
  "25": {
    "kl_pos_from_base": 0.0015848521870793775,
    "kl_neg_from_base": 0.001468177513743285,
    "kl_ratio_neg_over_pos": 0.9263813532345218,
    "cosine_antisymmetry": 0.8120090663433075
  },
  "26": {
    "kl_pos_from_base": 0.0020295755384722725,
    "kl_neg_from_base": 0.0022150338772917166,
    "kl_ratio_neg_over_pos": 1.091377894197052,
    "cosine_antisymmetry": 0.8436561673879623
  },
  "27": {
    "kl_pos_from_base": 0.001734308068989776,
    "kl_neg_from_base": 0.0019739529088838026,
    "kl_ratio_neg_over_pos": 1.1381789338232269,
    "cosine_antisymmetry": 0.7909751310944557
  },
  "28": {
    "kl_pos_from_base": 0.0027770437591243535,
    "kl_neg_from_base": 0.0034156888723373413,
    "kl_ratio_neg_over_pos": 1.2299730103692579,
    "cosine_antisymmetry": 0.8503525704145432
  },
  "29": {
    "kl_pos_from_base": 0.0023834319144953042,
    "kl_neg_from_base": 0.004272188089089468,
    "kl_ratio_neg_over_pos": 1.7924523302332767,
    "cosine_antisymmetry": 0.6909254416823387
  },
  "30": {
    "kl_pos_from_base": 0.005313052999554202,
    "kl_neg_from_base": 0.006387020461261272,
    "kl_ratio_neg_over_pos": 1.2021375397153355,
    "cosine_antisymmetry": 0.8407106027007103
  },
  "31": {
    "kl_pos_from_base": 0.0029926256684120744,
    "kl_neg_from_base": 0.006415227428078651,
    "kl_ratio_neg_over_pos": 2.143678541487166,
    "cosine_antisymmetry": 0.545758806169033
  }
}